{
    "loss": 19.439802169799805,
    "accuracy": 0.5052631497383118
}