{
    "loss": 20.181745529174805,
    "accuracy": 0.49473685026168823
}